{
  "project_info": {
    "project_number": "771315372230",
    "project_id": "pushsmart4",
    "storage_bucket": "pushsmart4.appspot.com"
  },
  "client": [
    {
      "client_info": {
        "mobilesdk_app_id": "1:771315372230:android:2a9fb0a0f1d5c7dd29c7c7",
        "android_client_info": {
          "package_name": "com.example.smart4"
        }
      },
      "oauth_client": [],
      "api_key": [
        {
          "current_key": "AIzaSyCO0zuGvTjZ_AzEEqJzH72ehsRljPTSdNY"
        }
      ],
      "services": {
        "appinvite_service": {
          "other_platform_oauth_client": []
        }
      }
    }
  ],
  "configuration_version": "1"
}