{
	"currentPage": 1,
	"pageSize": 23,
	"totalItems": 146,
	"totalPages": 7,
	"sortOrder": "newest",
	"activeFilters": {
		"city": "Shenzhen",
		"program": "Mechanical Engineering",
		"language": "English",
		"scholarship": {
			"accommodation": false,
			"livingExpense": true
		}
	},
	"sort": {
		"field": "price",
		"order": "asc"
	},
	"university" : [
		{	
			"id" : 1,
			"name" : "Hanbin Institute of Technology",
			"city" : "Shenzhen",
			"details" : {
				"program" : "Mechanical Engineering",
				"language" :  "English",
				"startDate" : "2024-09-01",
				"scholarship" : {
					"accommodation" : false,
					"livingExpense" : true
				},
				"price": {
					"tuition": 42000,
					"accommodationMin": 300,
					"accommodationMax": 2600,
					"livingExpenseMin": 0,
					"livingExpenseMax": 2000
				}
			}
		},
		{	
			"id" : 2,
			"name" : "Hanbin Institute of Technology",
			"city" : "Shenzhen",
			"details" : {
				"program" : "Mechanical Engineering",
				"language" :  "English",
				"startDate" : "2024-09-01",
				"scholarship" : {
					"accommodation" : false,
					"livingExpense" : true
				},
				"price": {
					"tution": 42000,
					"accommodationMin": 300,
					"accommodationMax": 2600,
					"livingExpenseMin": 0,
					"livingExpenseMax": 2000
				}
			}
		}
	]
}

"filters": {
  "grant": ["full", "partial"],
  "coverage": ["education", "liveOnWelfare", "placement", "others"],
  "degree": ["nonDegree", "partner", "bachelor", "master", "doctor"],
  "language": ["english", "chinese", "spanish"],
  "startDate": ["autumn", "spring"],
  "priceRange": ["0-2000", "2000-4000", "4000+"], --добавил в фильтр нету фигме
}

Для университ и городов будет отдельный endpoint с возможностью отслеживать последние изменения.
Ответ от бека 200 обновленные данные либо 304 Not Modified. 
На стороне фронта должно кешироваться данные и каждые 15 минут запрашивать данные с отметкой времени последнего обновления в загаловке(If-Modified-Since).


host/api/v1/universities header X-Last-Modified 
host/api/v1/cities header X-Last-Modified 
host/api/v1/programs

POSTGRES_PASSWORD
POSTGRES_HOST_AUTH_METHOD=trust