<!-- log4j2.xml -->
<Configuration status="INFO">
    <Appenders>
        <Console name="Console" target="SYSTEM_OUT">
            <PatternLayout pattern="%d{yyyy-MM-dd HH:mm:ss.SSS} [%t] %-5level AccessLogs:[ClientIP(X-Forwarded-For)=%mdc{X-Forwarded-For}, X-Correlation-Id=%mdc{X-Correlation-Id}] User-Info:[Preferred-Username=%mdc{phoneNumber}, User-Id=%mdc{userId}, Client-Id=%mdc{clientId}, IIN=%mdc{iin}] %logger{36} - %msg%n" />
        </Console>
    </Appenders>

    <!-- Define the logger and associate it with the appender -->
    <Loggers>
        <Root level="INFO">
            <AppenderRef ref="Console" />
        </Root>
    </Loggers>
</Configuration>
